date,total_like,fitness_like,total_save,fitness_save,fitness_total,total_like_save,fitness_share_likesaves,total_workout_minutes,active_energy_total,resting_energy_total,avg_heart_rate,max_heart_rate,intensity_avg,step_count_total,workout_done
2024-11-25,0.0,0.0,0.0,0.0,0.0,0.0,0.0,84.18333333333334,563.2041111621829,3.6902879999999993,111.97838191457716,158.0,5.137116078664096,2276.7569128168916,1.0
2024-11-26,0.0,0.0,0.0,0.0,0.0,0.0,0.0,108.46666666666665,645.5734279853574,773.7125493080282,93.43528328739794,153.0,3.147508645949003,3743.1383383528464,1.0
2024-11-27,0.0,0.0,0.0,0.0,0.0,0.0,0.0,0.0,0.0,0.0,0.0,0.0,0.0,0.0,0.0
2024-11-28,0.0,0.0,0.0,0.0,0.0,0.0,0.0,0.0,0.0,0.0,0.0,0.0,0.0,0.0,0.0
2024-11-29,27.0,1.0,0.0,0.0,1.0,27.0,0.037037037037037035,106.65,622.4024015821266,619.9507333836763,102.95404233244737,157.0,5.1814713933461345,3125.9759773667743,1.0
2024-11-30,51.0,0.0,0.0,0.0,0.0,51.0,0.0,0.0,0.0,0.0,0.0,0.0,0.0,0.0,0.0
2024-12-01,32.0,0.0,0.0,0.0,0.0,32.0,0.0,0.0,0.0,0.0,0.0,0.0,0.0,0.0,0.0
2024-12-02,34.0,0.0,0.0,0.0,0.0,34.0,0.0,78.01666666666667,476.3370000000041,6.945073931809655,111.63795414917588,151.0,4.524965195389249,2335.3463096388045,1.0
2024-12-03,58.0,0.0,0.0,0.0,0.0,58.0,0.0,0.0,0.0,0.0,0.0,0.0,0.0,0.0,0.0
2024-12-04,59.0,0.0,0.0,0.0,0.0,59.0,0.0,0.0,0.0,0.0,0.0,0.0,0.0,0.0,0.0
2024-12-05,29.0,1.0,0.0,0.0,1.0,29.0,0.034482758620689655,90.78333333333333,620.7000587773068,64.6835974062921,137.29317769569627,168.0,6.004512738508722,1770.7703021751745,1.0
2024-12-06,22.0,0.0,0.0,0.0,0.0,22.0,0.0,0.0,0.0,0.0,0.0,0.0,0.0,0.0,0.0
2024-12-07,34.0,0.0,0.0,0.0,0.0,34.0,0.0,69.88333333333334,533.9730202001284,1.3727651651892858,122.43849927797322,163.0,5.864524385004801,1497.9344911131536,1.0
2024-12-08,23.0,0.0,0.0,0.0,0.0,23.0,0.0,0.0,0.0,0.0,0.0,0.0,0.0,0.0,0.0
2024-12-09,31.0,0.0,0.0,0.0,0.0,31.0,0.0,0.0,0.0,0.0,0.0,0.0,0.0,0.0,0.0
2024-12-10,22.0,0.0,0.0,0.0,0.0,22.0,0.0,72.03333333333333,512.3049850967915,3.405776,120.4305964713338,157.0,5.347661078235251,1523.3307354659937,1.0
2024-12-11,51.0,1.0,0.0,0.0,1.0,51.0,0.0196078431372549,0.0,0.0,0.0,0.0,0.0,0.0,0.0,0.0
2024-12-12,11.0,0.0,0.0,0.0,0.0,11.0,0.0,0.0,0.0,0.0,0.0,0.0,0.0,0.0,0.0
2024-12-13,43.0,0.0,0.0,0.0,0.0,43.0,0.0,86.41666666666667,560.2923701193433,3.995719999999999,114.69819427544586,157.0,4.681730550097237,1992.2876531805748,1.0
2024-12-14,12.0,0.0,0.0,0.0,0.0,12.0,0.0,0.0,0.0,0.0,0.0,0.0,0.0,0.0,0.0
2024-12-15,23.0,0.0,0.0,0.0,0.0,23.0,0.0,0.0,0.0,0.0,0.0,0.0,0.0,0.0,0.0
2024-12-16,33.0,0.0,0.0,0.0,0.0,33.0,0.0,76.21666666666667,484.07570570490464,3.9770167959857767,133.59296094594998,168.0,5.684136528086935,1285.0688103897685,1.0
2024-12-17,18.0,0.0,0.0,0.0,0.0,18.0,0.0,0.0,0.0,0.0,0.0,0.0,0.0,0.0,0.0
2024-12-18,44.0,0.0,0.0,0.0,0.0,44.0,0.0,73.81666666666666,408.2461594189929,1.3719672663453033,109.5268493293819,148.0,3.7043953945715145,1569.238661174118,1.0
2024-12-19,18.0,0.0,0.0,0.0,0.0,18.0,0.0,0.0,0.0,0.0,0.0,0.0,0.0,0.0,0.0
2024-12-20,61.0,0.0,0.0,0.0,0.0,61.0,0.0,0.0,0.0,0.0,0.0,0.0,0.0,0.0,0.0
2024-12-21,34.0,0.0,0.0,0.0,0.0,34.0,0.0,0.0,0.0,0.0,0.0,0.0,0.0,0.0,0.0
2024-12-22,74.0,0.0,0.0,0.0,0.0,74.0,0.0,0.0,0.0,0.0,0.0,0.0,0.0,0.0,0.0
2024-12-23,52.0,1.0,0.0,0.0,1.0,52.0,0.019230769230769232,0.0,0.0,0.0,0.0,0.0,0.0,0.0,0.0
2024-12-24,21.0,0.0,0.0,0.0,0.0,21.0,0.0,71.2,402.9125843096305,3.995719999999999,110.74739371337,149.0,3.867900343804788,1335.1594426105878,1.0
2024-12-25,43.0,0.0,0.0,0.0,0.0,43.0,0.0,0.0,0.0,0.0,0.0,0.0,0.0,0.0,0.0
2024-12-26,22.0,0.0,0.0,0.0,0.0,22.0,0.0,77.48333333333333,393.6434658998028,1.230096,99.81655654269348,135.0,3.36240593383555,2742.3759028710315,1.0
2024-12-27,16.0,0.0,0.0,0.0,0.0,16.0,0.0,0.0,0.0,0.0,0.0,0.0,0.0,0.0,0.0
2024-12-28,47.0,0.0,0.0,0.0,0.0,47.0,0.0,79.06666666666666,473.879324518333,3.995719999999999,111.89539296133177,151.0,4.22426606073614,1563.9389035062686,1.0
2024-12-29,82.0,1.0,0.0,0.0,1.0,82.0,0.012195121951219513,0.0,0.0,0.0,0.0,0.0,0.0,0.0,0.0
2024-12-30,66.0,0.0,0.0,0.0,0.0,66.0,0.0,0.0,0.0,0.0,0.0,0.0,0.0,0.0,0.0
2024-12-31,28.0,0.0,0.0,0.0,0.0,28.0,0.0,0.0,0.0,0.0,0.0,0.0,0.0,0.0,0.0
2025-01-01,57.0,0.0,0.0,0.0,0.0,57.0,0.0,0.0,0.0,0.0,0.0,0.0,0.0,0.0,0.0
2025-01-02,22.0,2.0,0.0,0.0,2.0,22.0,0.09090909090909091,0.0,0.0,0.0,0.0,0.0,0.0,0.0,0.0
2025-01-03,43.0,0.0,0.0,0.0,0.0,43.0,0.0,0.0,0.0,0.0,0.0,0.0,0.0,0.0,0.0
2025-01-04,1.0,0.0,0.0,0.0,0.0,1.0,0.0,0.0,0.0,0.0,0.0,0.0,0.0,0.0,0.0
2025-01-05,18.0,0.0,0.0,0.0,0.0,18.0,0.0,2.35,7.252963209514492,20.87632524310414,68.26310141697802,76.0,3.73738482952009,0.0,1.0
2025-01-06,8.0,0.0,0.0,0.0,0.0,8.0,0.0,0.0,0.0,0.0,0.0,0.0,0.0,0.0,0.0
2025-01-07,15.0,0.0,0.0,0.0,0.0,15.0,0.0,0.0,0.0,0.0,0.0,0.0,0.0,0.0,0.0
2025-01-08,12.0,0.0,0.0,0.0,0.0,12.0,0.0,0.0,0.0,0.0,0.0,0.0,0.0,0.0,0.0
2025-01-09,35.0,1.0,0.0,0.0,1.0,35.0,0.02857142857142857,0.0,0.0,0.0,0.0,0.0,0.0,0.0,0.0
2025-01-10,47.0,0.0,0.0,0.0,0.0,47.0,0.0,0.0,0.0,0.0,0.0,0.0,0.0,0.0,0.0
2025-01-11,19.0,0.0,0.0,0.0,0.0,19.0,0.0,0.0,0.0,0.0,0.0,0.0,0.0,0.0,0.0
2025-01-12,33.0,0.0,0.0,0.0,0.0,33.0,0.0,0.0,0.0,0.0,0.0,0.0,0.0,0.0,0.0
2025-01-13,9.0,0.0,0.0,0.0,0.0,9.0,0.0,0.0,0.0,0.0,0.0,0.0,0.0,0.0,0.0
2025-01-14,10.0,0.0,0.0,0.0,0.0,10.0,0.0,0.0,0.0,0.0,0.0,0.0,0.0,0.0,0.0
2025-01-15,35.0,0.0,0.0,0.0,0.0,35.0,0.0,128.95,728.6387015858176,756.302497661633,119.64300774448941,166.0,4.735023435727755,3301.819831766224,1.0
2025-01-16,37.0,0.0,0.0,0.0,0.0,37.0,0.0,16.216666666666665,51.8056279132241,6.393455469845657,97.41247474910864,108.0,3.658236417974363,1171.9785318124118,1.0
2025-01-17,24.0,0.0,0.0,0.0,0.0,24.0,0.0,0.0,0.0,0.0,0.0,0.0,0.0,0.0,0.0
2025-01-18,63.0,1.0,0.0,0.0,1.0,63.0,0.015873015873015872,68.65,381.52222234439,2.989056445493263,108.21915890728114,152.0,3.776860308078933,1689.0000000000002,1.0
2025-01-19,26.0,1.0,0.0,0.0,1.0,26.0,0.038461538461538464,0.0,0.0,0.0,0.0,0.0,0.0,0.0,0.0
2025-01-20,28.0,0.0,0.0,0.0,0.0,28.0,0.0,0.0,0.0,0.0,0.0,0.0,0.0,0.0,0.0
2025-01-21,55.0,1.0,0.0,0.0,1.0,55.0,0.01818181818181818,0.0,0.0,0.0,0.0,0.0,0.0,0.0,0.0
2025-01-22,31.0,0.0,0.0,0.0,0.0,31.0,0.0,0.0,0.0,0.0,0.0,0.0,0.0,0.0,0.0
2025-01-23,37.0,0.0,0.0,0.0,0.0,37.0,0.0,0.0,0.0,0.0,0.0,0.0,0.0,0.0,0.0
2025-01-24,24.0,0.0,0.0,0.0,0.0,24.0,0.0,0.0,0.0,0.0,0.0,0.0,0.0,0.0,0.0
2025-01-25,28.0,0.0,0.0,0.0,0.0,28.0,0.0,20.433333333333334,107.40053650466388,4.590071968249326,100.65305704074476,141.0,3.1139556094372938,230.00000000000003,1.0
2025-01-26,60.0,0.0,0.0,0.0,0.0,60.0,0.0,0.0,0.0,0.0,0.0,0.0,0.0,0.0,0.0
2025-01-27,37.0,1.0,0.0,0.0,1.0,37.0,0.02702702702702703,20.5,109.35630493781696,3.693298721475614,97.05712341044894,142.0,3.2835985244177386,238.00000000000009,1.0
2025-01-28,22.0,0.0,0.0,0.0,0.0,22.0,0.0,0.0,0.0,0.0,0.0,0.0,0.0,0.0,0.0
2025-01-29,82.0,1.0,0.0,0.0,1.0,82.0,0.012195121951219513,0.0,0.0,0.0,0.0,0.0,0.0,0.0,0.0
2025-01-30,52.0,0.0,0.0,0.0,0.0,52.0,0.0,20.166666666666668,181.39152165124696,3.727944,130.26937963306722,163.0,7.466394728142859,279.73561234979064,1.0
2025-01-31,38.0,0.0,0.0,0.0,0.0,38.0,0.0,19.283333333333335,145.45639994359746,6.163601502138967,122.21928995578696,157.0,6.178494641804594,387.2661613220249,1.0
2025-02-01,51.0,0.0,0.0,0.0,0.0,51.0,0.0,0.0,0.0,0.0,0.0,0.0,0.0,0.0,0.0
2025-02-02,58.0,0.0,0.0,0.0,0.0,58.0,0.0,8.35,45.878697454241944,5.946769210184872,105.80250462426278,132.0,3.843275523256814,0.0,1.0
2025-02-03,74.0,0.0,0.0,0.0,0.0,74.0,0.0,0.0,0.0,0.0,0.0,0.0,0.0,0.0,0.0
2025-02-04,43.0,0.0,0.0,0.0,0.0,43.0,0.0,42.166666666666664,258.3150000000021,5.684263981010455,111.7200496753332,160.0,4.337963753530399,720.4336961975483,1.0
2025-02-05,23.0,0.0,0.0,0.0,0.0,23.0,0.0,0.0,0.0,0.0,0.0,0.0,0.0,0.0,0.0
2025-02-06,23.0,0.0,0.0,0.0,0.0,23.0,0.0,0.0,0.0,0.0,0.0,0.0,0.0,0.0,0.0
2025-02-07,25.0,0.0,0.0,0.0,0.0,25.0,0.0,0.0,0.0,0.0,0.0,0.0,0.0,0.0,0.0
2025-02-08,22.0,0.0,0.0,0.0,0.0,22.0,0.0,27.7,240.5775349039039,2.2236993426160137,133.91915652933594,175.0,7.0631637593532215,611.9999999999999,1.0
2025-02-09,36.0,0.0,0.0,0.0,0.0,36.0,0.0,0.0,0.0,0.0,0.0,0.0,0.0,0.0,0.0
2025-02-10,42.0,0.0,0.0,0.0,0.0,42.0,0.0,0.0,0.0,0.0,0.0,0.0,0.0,0.0,0.0
2025-02-11,53.0,0.0,0.0,0.0,0.0,53.0,0.0,0.0,0.0,0.0,0.0,0.0,0.0,0.0,0.0
2025-02-12,44.0,1.0,0.0,0.0,1.0,44.0,0.022727272727272728,0.0,0.0,0.0,0.0,0.0,0.0,0.0,0.0
2025-02-13,29.0,1.0,0.0,0.0,1.0,29.0,0.034482758620689655,0.0,0.0,0.0,0.0,0.0,0.0,0.0,0.0
2025-02-14,37.0,0.0,0.0,0.0,0.0,37.0,0.0,0.0,0.0,0.0,0.0,0.0,0.0,0.0,0.0
2025-02-15,7.0,0.0,0.0,0.0,0.0,7.0,0.0,0.0,0.0,0.0,0.0,0.0,0.0,0.0,0.0
2025-02-16,19.0,0.0,0.0,0.0,0.0,19.0,0.0,0.0,0.0,0.0,0.0,0.0,0.0,0.0,0.0
2025-02-17,8.0,0.0,0.0,0.0,0.0,8.0,0.0,29.566666666666666,69.13675625721291,4.132597235987578,79.17674055082679,108.0,2.3068379428904247,1743.2131510874472,1.0
2025-02-18,6.0,0.0,0.0,0.0,0.0,6.0,0.0,46.333333333333336,241.45586443917745,4.846877976872117,108.65104135089818,146.0,3.1904606155983224,499.6659272211372,1.0
2025-02-19,13.0,0.0,0.0,0.0,0.0,13.0,0.0,102.2,440.78606498618797,8.767954730478285,95.89268974790829,136.0,3.4589581355811934,4695.027629714858,1.0
2025-02-20,15.0,0.0,0.0,0.0,0.0,15.0,0.0,0.0,0.0,0.0,0.0,0.0,0.0,0.0,0.0
2025-02-21,14.0,0.0,0.0,0.0,0.0,14.0,0.0,0.0,0.0,0.0,0.0,0.0,0.0,0.0,0.0
2025-02-22,22.0,0.0,0.0,0.0,0.0,22.0,0.0,0.0,0.0,0.0,0.0,0.0,0.0,0.0,0.0
2025-02-23,24.0,0.0,0.0,0.0,0.0,24.0,0.0,150.8,747.7918277902511,831.0930240000023,112.74196675247282,167.0,1.8877414255622165,5521.999999999994,1.0
2025-02-24,20.0,0.0,0.0,0.0,0.0,20.0,0.0,57.65,346.4231627914381,2.5868474442011062,107.39430625961494,156.0,3.90243533927807,1080.787597044971,1.0
2025-02-25,27.0,0.0,0.0,0.0,0.0,27.0,0.0,0.0,0.0,0.0,0.0,0.0,0.0,0.0,0.0
2025-02-26,41.0,0.0,0.0,0.0,0.0,41.0,0.0,51.4,296.96200000000204,4.246282668287572,104.94921550081084,156.0,3.6775346279899823,552.4665780354541,1.0
2025-02-27,26.0,0.0,0.0,0.0,0.0,26.0,0.0,13.05,57.06592436368693,0.0,89.64366246794016,104.0,2.42407288116477,208.02856752046733,1.0
2025-02-28,27.0,0.0,0.0,0.0,0.0,27.0,0.0,117.55,809.9931575599597,1417.6429934519056,111.37116235897743,165.0,4.503109584960555,4105.373473895914,1.0
2025-03-01,28.0,0.0,0.0,0.0,0.0,28.0,0.0,76.75,429.7120819946031,2.0371934307794413,107.24246155934006,149.0,3.4426969431138628,1180.6223725750442,1.0
2025-03-02,29.0,1.0,0.0,0.0,1.0,29.0,0.034482758620689655,107.1,725.087160868932,9.570683713607485,127.79319405320696,166.0,7.623979222086496,2288.803702724764,1.0
2025-03-03,9.0,0.0,0.0,0.0,0.0,9.0,0.0,81.95,416.87444722422015,0.3134630674812377,103.21138930293574,145.0,2.8218028890853275,951.1742151802842,1.0
2025-03-04,34.0,0.0,0.0,0.0,0.0,34.0,0.0,67.83333333333333,369.7612927285978,1.2555719770604274,106.8953337994253,149.0,3.282746636315709,904.6188941389648,1.0
2025-03-05,24.0,0.0,0.0,0.0,0.0,24.0,0.0,0.0,0.0,0.0,0.0,0.0,0.0,0.0,0.0
2025-03-06,42.0,1.0,0.0,0.0,1.0,42.0,0.023809523809523808,75.01666666666667,509.2399532612477,3.677736,113.6156104347562,151.0,4.743605813237981,1000.1704444128404,1.0
2025-03-07,37.0,0.0,0.0,0.0,0.0,37.0,0.0,64.41666666666667,304.8526375931837,3.677736,98.59968311683151,137.0,2.551261062350183,966.2127688263648,1.0
2025-03-08,62.0,2.0,0.0,0.0,2.0,62.0,0.03225806451612903,0.0,0.0,0.0,0.0,0.0,0.0,0.0,0.0
2025-03-09,41.0,0.0,0.0,0.0,0.0,41.0,0.0,0.0,0.0,0.0,0.0,0.0,0.0,0.0,0.0
2025-03-10,65.0,0.0,0.0,0.0,0.0,65.0,0.0,114.56666666666666,682.2139800850538,754.1116080000012,125.58054717622653,157.0,5.359630236216409,1599.999999999999,1.0
2025-03-11,30.0,0.0,0.0,0.0,0.0,30.0,0.0,140.91666666666666,695.2057562811883,15.129338956055024,101.78551306244987,146.0,5.115671729764691,4145.25187398654,1.0
2025-03-12,16.0,0.0,0.0,0.0,0.0,16.0,0.0,0.0,0.0,0.0,0.0,0.0,0.0,0.0,0.0
2025-03-13,18.0,0.0,0.0,0.0,0.0,18.0,0.0,79.68333333333334,407.5408099753148,17.133591999194685,89.46423159324775,142.0,2.9686533028913895,1442.258233867126,1.0
2025-03-14,39.0,0.0,0.0,0.0,0.0,39.0,0.0,97.26666666666667,700.677999999994,687.2533724770361,124.79239864254379,166.0,7.477592239790955,1268.1959411810926,1.0
2025-03-15,50.0,0.0,0.0,0.0,0.0,50.0,0.0,120.68333333333334,706.1175183937664,725.4805833566928,117.8717276139582,160.0,6.221036959254956,1124.372680323528,1.0
2025-03-16,7.0,0.0,0.0,0.0,0.0,7.0,0.0,0.0,0.0,0.0,0.0,0.0,0.0,0.0,0.0
2025-03-17,21.0,0.0,0.0,0.0,0.0,21.0,0.0,0.0,0.0,0.0,0.0,0.0,0.0,0.0,0.0
2025-03-18,22.0,0.0,0.0,0.0,0.0,22.0,0.0,0.0,0.0,0.0,0.0,0.0,0.0,0.0,0.0
2025-03-19,103.0,0.0,0.0,0.0,0.0,103.0,0.0,0.0,0.0,0.0,0.0,0.0,0.0,0.0,0.0
2025-03-20,38.0,0.0,0.0,0.0,0.0,38.0,0.0,139.5,841.68301546675,4.684844605877397,111.03100002061477,155.0,4.651414903694308,3965.112926409126,1.0
2025-03-21,114.0,0.0,0.0,0.0,0.0,114.0,0.0,44.56666666666667,243.90929314524607,3.3601326912119607,106.07277957942294,141.0,3.2498956327857194,500.8549096968072,1.0
2025-03-22,20.0,0.0,0.0,0.0,0.0,20.0,0.0,124.46666666666667,761.720085386025,249.1120288410781,112.20127682902228,148.0,3.966826855954035,1891.3701933304285,1.0
2025-03-23,11.0,0.0,0.0,0.0,0.0,11.0,0.0,0.0,0.0,0.0,0.0,0.0,0.0,0.0,0.0
2025-03-24,51.0,0.0,0.0,0.0,0.0,51.0,0.0,95.93333333333334,661.5836477090171,0.8183801526694534,115.56602970362792,163.0,4.845010797278498,1853.795018186774,1.0
2025-03-25,133.0,3.0,0.0,0.0,3.0,133.0,0.022556390977443608,0.0,0.0,0.0,0.0,0.0,0.0,0.0,0.0
2025-03-26,87.0,0.0,0.0,0.0,0.0,87.0,0.0,133.63333333333333,719.1111744364182,3.673552,111.83921004905883,148.0,5.169728680538393,1475.1566571827916,1.0
2025-03-27,20.0,0.0,0.0,0.0,0.0,20.0,0.0,46.05,329.99243529610015,145.1817820360124,118.75210665001353,167.0,5.912993451918408,278.1975823198591,1.0
2025-03-28,98.0,1.0,0.0,0.0,1.0,98.0,0.01020408163265306,98.53333333333333,575.205546861646,119.35773362689967,109.3276034926338,150.0,3.58156098122197,882.7653511249612,1.0
2025-03-29,50.0,0.0,0.0,0.0,0.0,50.0,0.0,0.0,0.0,0.0,0.0,0.0,0.0,0.0,0.0
2025-03-30,48.0,2.0,0.0,0.0,2.0,48.0,0.041666666666666664,96.98333333333333,632.5471155850926,0.2636360265839705,115.85080687555391,156.0,4.310993436760958,1035.9207038590416,1.0
2025-03-31,62.0,0.0,0.0,0.0,0.0,62.0,0.0,0.0,0.0,0.0,0.0,0.0,0.0,0.0,0.0
2025-04-01,31.0,0.0,0.0,0.0,0.0,31.0,0.0,96.46666666666667,701.4222443099158,3.983168,118.49453025948358,166.0,5.214617581293509,1402.9659949679346,1.0
2025-04-02,37.0,0.0,0.0,0.0,0.0,37.0,0.0,103.86666666666666,571.4419999999917,1.0329776543073372,108.19861864923436,156.0,3.255330101875503,1051.4399308992524,1.0
2025-04-03,13.0,0.0,0.0,0.0,0.0,13.0,0.0,0.0,0.0,0.0,0.0,0.0,0.0,0.0,0.0
2025-04-04,17.0,0.0,0.0,0.0,0.0,17.0,0.0,0.0,0.0,0.0,0.0,0.0,0.0,0.0,0.0
2025-04-05,27.0,1.0,0.0,0.0,1.0,27.0,0.037037037037037035,0.0,0.0,0.0,0.0,0.0,0.0,0.0,0.0
2025-04-06,53.0,2.0,0.0,0.0,2.0,53.0,0.03773584905660377,0.0,0.0,0.0,0.0,0.0,0.0,0.0,0.0
2025-04-07,58.0,1.0,0.0,0.0,1.0,58.0,0.017241379310344827,103.55,705.1002100503313,3.298886095431156,116.91006012278037,162.0,4.82404991010242,1404.2014671323673,1.0
2025-04-08,122.0,1.0,0.0,0.0,1.0,122.0,0.00819672131147541,100.25,596.5193540497846,3.677736,112.73764239680806,150.0,3.6910712191416977,1085.0802586756815,1.0
2025-04-09,66.0,0.0,0.0,0.0,0.0,66.0,0.0,86.88333333333334,540.5639637054038,1.1105978045673175,113.56552259845571,153.0,4.233097578909211,1831.522444399732,1.0
2025-04-10,47.0,1.0,0.0,0.0,1.0,47.0,0.02127659574468085,0.0,0.0,0.0,0.0,0.0,0.0,0.0,0.0
2025-04-11,5.0,0.0,0.0,0.0,0.0,5.0,0.0,0.0,0.0,0.0,0.0,0.0,0.0,0.0,0.0
2025-04-12,6.0,0.0,0.0,0.0,0.0,6.0,0.0,0.0,0.0,0.0,0.0,0.0,0.0,0.0,0.0
2025-04-13,4.0,0.0,0.0,0.0,0.0,4.0,0.0,0.0,0.0,0.0,0.0,0.0,0.0,0.0,0.0
2025-04-14,71.0,0.0,0.0,0.0,0.0,71.0,0.0,0.0,0.0,0.0,0.0,0.0,0.0,0.0,0.0
2025-04-15,47.0,1.0,0.0,0.0,1.0,47.0,0.02127659574468085,0.0,0.0,0.0,0.0,0.0,0.0,0.0,0.0
2025-04-16,75.0,0.0,0.0,0.0,0.0,75.0,0.0,0.0,0.0,0.0,0.0,0.0,0.0,0.0,0.0
2025-04-17,41.0,1.0,0.0,0.0,1.0,41.0,0.024390243902439025,62.333333333333336,251.5911879900895,0.0,99.66408940918691,111.0,4.274398400922668,5679.983566384141,1.0
2025-04-18,16.0,0.0,0.0,0.0,0.0,16.0,0.0,89.45,163.9311109290009,4.284787063557715,89.74288134431747,124.0,2.1135488854989637,2638.868205212797,1.0
2025-04-19,46.0,1.0,0.0,0.0,1.0,46.0,0.021739130434782608,0.0,0.0,0.0,0.0,0.0,0.0,0.0,0.0
2025-04-20,19.0,0.0,0.0,0.0,0.0,19.0,0.0,0.0,0.0,0.0,0.0,0.0,0.0,0.0,0.0
2025-04-21,37.0,1.0,0.0,0.0,1.0,37.0,0.02702702702702703,0.0,0.0,0.0,0.0,0.0,0.0,0.0,0.0
2025-04-22,72.0,2.0,0.0,0.0,2.0,72.0,0.027777777777777776,108.4,667.6209294483584,3.677736,110.85158757338284,161.0,4.0321649346394715,1265.5025732737186,1.0
2025-04-23,27.0,0.0,0.0,0.0,0.0,27.0,0.0,132.93333333333334,913.2357238394418,7.5757617334481155,119.14704597979944,154.00000000000003,8.437444522239351,1738.634035881464,1.0
2025-04-24,52.0,0.0,0.0,0.0,0.0,52.0,0.0,0.0,0.0,0.0,0.0,0.0,0.0,0.0,0.0
2025-04-25,5.0,1.0,0.0,0.0,1.0,5.0,0.2,30.966666666666665,177.48900000000128,0.4128119470405686,105.28290049416964,152.0,3.55877682815982,284.4704490037135,1.0
2025-04-26,10.0,0.0,0.0,0.0,0.0,10.0,0.0,0.0,0.0,0.0,0.0,0.0,0.0,0.0,0.0
2025-04-27,61.0,0.0,0.0,0.0,0.0,61.0,0.0,0.0,0.0,0.0,0.0,0.0,0.0,0.0,0.0
2025-04-28,60.0,2.0,0.0,0.0,2.0,60.0,0.03333333333333333,20.866666666666667,66.5876164084665,0.916296,93.95013515500897,108.0,3.2894761213640864,837.2087509630624,1.0
2025-04-29,111.0,0.0,0.0,0.0,0.0,111.0,0.0,86.36666666666666,609.5480000000019,605.3202000000009,116.4837574342936,157.0,4.831528372939319,1084.7733461005623,1.0
2025-04-30,44.0,1.0,0.0,0.0,1.0,44.0,0.022727272727272728,0.0,0.0,0.0,0.0,0.0,0.0,0.0,0.0
2025-05-01,76.0,0.0,0.0,0.0,0.0,76.0,0.0,0.0,0.0,0.0,0.0,0.0,0.0,0.0,0.0
2025-05-02,21.0,1.0,0.0,0.0,1.0,21.0,0.047619047619047616,0.0,0.0,0.0,0.0,0.0,0.0,0.0,0.0
2025-05-03,108.0,1.0,0.0,0.0,1.0,108.0,0.009259259259259259,163.06666666666666,777.1913215293636,472.4841985541604,96.69539212982475,144.0,2.6692665283673933,2835.171658238099,1.0
2025-05-04,38.0,0.0,0.0,0.0,0.0,38.0,0.0,0.0,0.0,0.0,0.0,0.0,0.0,0.0,0.0
2025-05-05,31.0,0.0,0.0,0.0,0.0,31.0,0.0,0.0,0.0,0.0,0.0,0.0,0.0,0.0,0.0
2025-05-06,46.0,0.0,0.0,0.0,0.0,46.0,0.0,79.98333333333333,547.2011661471881,0.2910441610967765,116.62481137158824,150.0,4.764422053027251,1036.495923231264,1.0
2025-05-07,54.0,0.0,0.0,0.0,0.0,54.0,0.0,0.0,0.0,0.0,0.0,0.0,0.0,0.0,0.0
2025-05-08,129.0,1.0,0.0,0.0,1.0,129.0,0.007751937984496124,94.26666666666667,612.1333614542739,4.831095970583008,114.71408479237978,157.0,4.292416730879235,1170.3643857553056,1.0
2025-05-09,19.0,1.0,0.0,0.0,1.0,19.0,0.05263157894736842,0.0,0.0,0.0,0.0,0.0,0.0,0.0,0.0
2025-05-10,70.0,0.0,0.0,0.0,0.0,70.0,0.0,96.75,671.2007193864179,2.226394650829062,116.44301802647112,161.0,4.98773475168895,1840.0000000000005,1.0
2025-05-11,34.0,1.0,0.0,0.0,1.0,34.0,0.029411764705882353,0.0,0.0,0.0,0.0,0.0,0.0,0.0,0.0
2025-05-12,58.0,0.0,0.0,0.0,0.0,58.0,0.0,97.8,505.49599689652086,1.818406299296479,105.84921651274624,149.0,3.204514021433185,2141.8055334979144,1.0
2025-05-13,27.0,0.0,0.0,0.0,0.0,27.0,0.0,0.0,0.0,0.0,0.0,0.0,0.0,0.0,0.0
2025-05-14,106.0,1.0,0.0,0.0,1.0,106.0,0.009433962264150943,0.0,0.0,0.0,0.0,0.0,0.0,0.0,0.0
2025-05-15,168.0,2.0,0.0,0.0,2.0,168.0,0.011904761904761904,0.0,0.0,0.0,0.0,0.0,0.0,0.0,0.0
2025-05-16,239.0,2.0,0.0,0.0,2.0,239.0,0.008368200836820083,0.0,0.0,0.0,0.0,0.0,0.0,0.0,0.0
2025-05-17,34.0,0.0,0.0,0.0,0.0,34.0,0.0,0.0,0.0,0.0,0.0,0.0,0.0,0.0,0.0
2025-05-18,66.0,1.0,0.0,0.0,1.0,66.0,0.015151515151515152,0.0,0.0,0.0,0.0,0.0,0.0,0.0,0.0
2025-05-19,60.0,2.0,0.0,0.0,2.0,60.0,0.03333333333333333,0.0,0.0,0.0,0.0,0.0,0.0,0.0,0.0
2025-05-20,37.0,1.0,0.0,0.0,1.0,37.0,0.02702702702702703,0.0,0.0,0.0,0.0,0.0,0.0,0.0,0.0
2025-05-21,62.0,0.0,0.0,0.0,0.0,62.0,0.0,0.0,0.0,0.0,0.0,0.0,0.0,0.0,0.0
2025-05-22,49.0,0.0,0.0,0.0,0.0,49.0,0.0,0.0,0.0,0.0,0.0,0.0,0.0,0.0,0.0
2025-05-23,45.0,0.0,0.0,0.0,0.0,45.0,0.0,0.0,0.0,0.0,0.0,0.0,0.0,0.0,0.0
2025-05-24,48.0,1.0,0.0,0.0,1.0,48.0,0.020833333333333332,77.55,394.217999999995,524.3674800001371,107.5566460903735,157.0,3.0782460147917923,847.309549761994,1.0
2025-05-25,47.0,0.0,0.0,0.0,0.0,47.0,0.0,72.16666666666667,430.7640000000001,123.68190646787912,120.98062538426777,157.0,5.607279514058634,442.322785432305,1.0
2025-05-26,13.0,0.0,0.0,0.0,0.0,13.0,0.0,57.516666666666666,507.4138323102267,3.79846900853768,130.7543051955998,159.0,7.583655127396215,619.3208870736602,1.0
2025-05-27,73.0,0.0,0.0,0.0,0.0,73.0,0.0,0.0,0.0,0.0,0.0,0.0,0.0,0.0,0.0
2025-05-28,19.0,1.0,0.0,0.0,1.0,19.0,0.05263157894736842,0.0,0.0,0.0,0.0,0.0,0.0,0.0,0.0
2025-05-29,46.0,0.0,0.0,0.0,0.0,46.0,0.0,114.9,724.803366176009,22.616087297016456,118.56131601879507,161.0,2.397520786768098,1975.9999999999984,1.0
2025-05-30,58.0,0.0,0.0,0.0,0.0,58.0,0.0,130.41666666666666,675.8538121182568,201.00297858523314,105.46184237904289,146.0,1.7330606477990873,1781.0000000000002,1.0
2025-05-31,64.0,2.0,0.0,0.0,2.0,64.0,0.03125,49.21666666666667,243.06230146667053,5.661454168754747,104.60772164108204,158.0,2.9973243522804087,437.99999999999994,1.0
2025-06-01,32.0,1.0,0.0,0.0,1.0,32.0,0.03125,0.0,0.0,0.0,0.0,0.0,0.0,0.0,0.0
2025-06-02,42.0,0.0,0.0,0.0,0.0,42.0,0.0,141.58333333333334,660.8190272675068,10.170582726602701,106.55732178563481,154.00000000000003,3.2624159617051673,3515.9704445956686,1.0
2025-06-03,45.0,0.0,0.0,0.0,0.0,45.0,0.0,0.0,0.0,0.0,0.0,0.0,0.0,0.0,0.0
2025-06-04,142.0,2.0,0.0,0.0,2.0,142.0,0.014084507042253521,89.06666666666666,634.150103578536,170.06286399999988,123.02158432848792,167.0,5.498391991200666,1194.7770404571272,1.0
2025-06-05,58.0,0.0,0.0,0.0,0.0,58.0,0.0,0.0,0.0,0.0,0.0,0.0,0.0,0.0,0.0
2025-06-06,25.0,0.0,0.0,0.0,0.0,25.0,0.0,0.0,0.0,0.0,0.0,0.0,0.0,0.0,0.0
2025-06-07,95.0,0.0,0.0,0.0,0.0,95.0,0.0,129.5,762.4224831232663,783.8305599999992,126.9507524947635,169.00000000000003,7.182896772817632,2498.462963926255,1.0
2025-06-08,50.0,3.0,0.0,0.0,3.0,50.0,0.06,0.0,0.0,0.0,0.0,0.0,0.0,0.0,0.0
2025-06-09,70.0,0.0,0.0,0.0,0.0,70.0,0.0,96.73333333333332,561.9351811719662,2.78725601430188,109.00267047106439,158.0,3.976409506703629,1928.6937019365841,1.0
2025-06-10,3.0,0.0,0.0,0.0,0.0,3.0,0.0,0.0,0.0,0.0,0.0,0.0,0.0,0.0,0.0
2025-06-11,120.0,0.0,0.0,0.0,0.0,120.0,0.0,0.0,0.0,0.0,0.0,0.0,0.0,0.0,0.0
2025-06-12,57.0,0.0,0.0,0.0,0.0,57.0,0.0,113.28333333333333,615.6044461058558,3.5647679999999995,108.60582318550696,156.0,3.638169599591476,1880.699978392434,1.0
2025-06-13,136.0,1.0,0.0,0.0,1.0,136.0,0.007352941176470588,0.0,0.0,0.0,0.0,0.0,0.0,0.0,0.0
2025-06-14,122.0,4.0,0.0,0.0,4.0,122.0,0.03278688524590164,112.48333333333333,663.0494236469502,255.09847999999988,112.82058052751732,153.0,4.0098176439240785,1709.999999999999,1.0
2025-06-15,42.0,0.0,0.0,0.0,0.0,42.0,0.0,0.0,0.0,0.0,0.0,0.0,0.0,0.0,0.0
2025-06-16,13.0,1.0,0.0,0.0,1.0,13.0,0.07692307692307693,0.0,0.0,0.0,0.0,0.0,0.0,0.0,0.0
2025-06-17,31.0,1.0,0.0,0.0,1.0,31.0,0.03225806451612903,0.0,0.0,0.0,0.0,0.0,0.0,0.0,0.0
2025-06-18,37.0,0.0,0.0,0.0,0.0,37.0,0.0,61.95,368.1245627575205,0.3903744340161016,112.40970907077951,158.0,3.9442074359178454,630.9075530491682,1.0
2025-06-19,65.0,0.0,0.0,0.0,0.0,65.0,0.0,0.0,0.0,0.0,0.0,0.0,0.0,0.0,0.0
2025-06-20,16.0,0.0,0.0,0.0,0.0,16.0,0.0,0.0,0.0,0.0,0.0,0.0,0.0,0.0,0.0
2025-06-21,80.0,0.0,0.0,0.0,0.0,80.0,0.0,103.73333333333333,604.4974356181069,2.105443073572771,110.17270752777895,158.0,4.067121062272653,1863.7141856720864,1.0
2025-06-22,42.0,0.0,0.0,0.0,0.0,42.0,0.0,0.0,0.0,0.0,0.0,0.0,0.0,0.0,0.0
2025-06-23,36.0,1.0,0.0,0.0,1.0,36.0,0.027777777777777776,0.0,0.0,0.0,0.0,0.0,0.0,0.0,0.0
2025-06-24,55.0,0.0,0.0,0.0,0.0,55.0,0.0,0.0,0.0,0.0,0.0,0.0,0.0,0.0,0.0
2025-06-25,9.0,0.0,0.0,0.0,0.0,9.0,0.0,0.0,0.0,0.0,0.0,0.0,0.0,0.0,0.0
2025-06-26,51.0,0.0,0.0,0.0,0.0,51.0,0.0,78.75,401.2328490280402,1.687307919568802,105.3439245987326,146.0,3.65206196945891,2179.8434199191183,1.0
2025-06-27,42.0,1.0,0.0,0.0,1.0,42.0,0.023809523809523808,0.0,0.0,0.0,0.0,0.0,0.0,0.0,0.0
2025-06-28,57.0,2.0,0.0,0.0,2.0,57.0,0.03508771929824561,97.06666666666666,507.16176735136656,3.8618319999999993,106.7411138863216,146.0,3.385743304883768,1639.602129751728,1.0
2025-06-29,67.0,0.0,0.0,0.0,0.0,67.0,0.0,0.0,0.0,0.0,0.0,0.0,0.0,0.0,0.0
2025-06-30,170.0,3.0,0.0,0.0,3.0,170.0,0.01764705882352941,25.45,128.1054463803197,4.224596893188118,101.0888184200932,145.0,3.184166855242045,337.63854930570324,1.0
2025-07-01,228.0,1.0,0.0,0.0,1.0,228.0,0.0043859649122807015,0.0,0.0,0.0,0.0,0.0,0.0,0.0,0.0
2025-07-02,198.0,3.0,0.0,0.0,3.0,198.0,0.015151515151515152,41.733333333333334,275.6402560694043,1.8415503132235864,115.86526274086968,155.0,4.946420670504287,895.0,1.0
2025-07-03,74.0,1.0,0.0,0.0,1.0,74.0,0.013513513513513514,0.0,0.0,0.0,0.0,0.0,0.0,0.0,0.0
2025-07-04,83.0,1.0,0.0,0.0,1.0,83.0,0.012048192771084338,0.0,0.0,0.0,0.0,0.0,0.0,0.0,0.0
2025-07-05,44.0,1.0,0.0,0.0,1.0,44.0,0.022727272727272728,104.41666666666667,695.1920775704987,4.171448,103.56682748649725,162.0,3.184753539832851,2945.601864595257,1.0
2025-07-06,41.0,1.0,0.0,0.0,1.0,41.0,0.024390243902439025,0.0,0.0,0.0,0.0,0.0,0.0,0.0,0.0
2025-07-07,32.0,1.0,0.0,0.0,1.0,32.0,0.03125,96.45,609.0862772249203,4.768014101624437,114.50083014453256,160.0,4.643251343019443,2441.463775668296,1.0
2025-07-08,78.0,0.0,0.0,0.0,0.0,78.0,0.0,0.0,0.0,0.0,0.0,0.0,0.0,0.0,0.0
2025-07-09,23.0,0.0,0.0,0.0,0.0,23.0,0.0,0.0,0.0,0.0,0.0,0.0,0.0,0.0,0.0
2025-07-10,26.0,0.0,0.0,0.0,0.0,26.0,0.0,39.516666666666666,152.8397391840057,3.344201877148012,91.5701823887565,117.0,3.999272502186889,2352.3990967046275,1.0
2025-07-11,55.0,2.0,0.0,0.0,2.0,55.0,0.03636363636363636,0.0,0.0,0.0,0.0,0.0,0.0,0.0,0.0
2025-07-12,85.0,2.0,0.0,0.0,2.0,85.0,0.023529411764705882,102.36666666666666,620.0834362561834,4.765575999999999,112.0770531508299,164.0,4.325673595247731,2002.571808099021,1.0
2025-07-13,67.0,0.0,0.0,0.0,0.0,67.0,0.0,142.78333333333333,715.4386434129149,6.291113765994134,105.40017132490551,159.0,5.233496424630364,4756.442141856976,1.0
2025-07-14,27.0,0.0,0.0,0.0,0.0,27.0,0.0,49.733333333333334,341.6141412502593,4.76976,120.64568902669669,149.0,6.075172571477932,597.0000000000002,1.0
2025-07-15,63.0,0.0,0.0,0.0,0.0,63.0,0.0,127.88333333333334,663.1528897944136,2.192856946122783,105.83135199234712,153.0,4.1182555593086825,3837.978011506281,1.0
2025-07-16,32.0,0.0,0.0,0.0,0.0,32.0,0.0,0.0,0.0,0.0,0.0,0.0,0.0,0.0,0.0
2025-07-17,22.0,1.0,0.0,0.0,1.0,22.0,0.045454545454545456,105.13333333333334,676.3896993016108,5.794918372011646,115.81665784967028,165.0,6.839471386935132,2910.392413191226,1.0
2025-07-18,119.0,0.0,0.0,0.0,0.0,119.0,0.0,0.0,0.0,0.0,0.0,0.0,0.0,0.0,0.0
2025-07-19,56.0,1.0,0.0,0.0,1.0,56.0,0.017857142857142856,76.25,394.9034703247105,3.57732,105.58646061340023,142.0,3.5696091078598338,1944.5361314045151,1.0
2025-07-20,38.0,0.0,0.0,0.0,0.0,38.0,0.0,100.91666666666666,441.85579748997077,8.779623138760758,90.83191748008613,130.0,2.8418186350745422,2681.0451112277724,1.0
2025-07-21,15.0,0.0,0.0,0.0,0.0,15.0,0.0,0.0,0.0,0.0,0.0,0.0,0.0,0.0,0.0
2025-07-22,28.0,0.0,0.0,0.0,0.0,28.0,0.0,0.0,0.0,0.0,0.0,0.0,0.0,0.0,0.0
2025-07-23,20.0,0.0,0.0,0.0,0.0,20.0,0.0,91.13333333333334,474.1833778260827,3.57732,106.02523552795483,144.0,3.4194543332632863,1568.2302861267317,1.0
2025-07-24,34.0,0.0,0.0,0.0,0.0,34.0,0.0,72.51666666666667,377.8265266594976,0.594128,105.3478198080336,141.0,3.562603812935011,1724.2778796219188,1.0
2025-07-25,34.0,0.0,0.0,0.0,0.0,34.0,0.0,0.0,0.0,0.0,0.0,0.0,0.0,0.0,0.0
2025-07-26,26.0,0.0,0.0,0.0,0.0,26.0,0.0,75.11666666666666,427.0479799163562,3.57732,110.60120088953174,151.0,4.015290136852686,1500.6185869392425,1.0
2025-07-27,20.0,0.0,0.0,0.0,0.0,20.0,0.0,0.0,0.0,0.0,0.0,0.0,0.0,0.0,0.0
2025-07-28,13.0,0.0,0.0,0.0,0.0,13.0,0.0,58.25,367.52294638111795,3.05432,112.89110241008132,156.0,4.605372751529072,1121.6866300913628,1.0
2025-07-29,19.0,0.0,0.0,0.0,0.0,19.0,0.0,0.0,0.0,0.0,0.0,0.0,0.0,0.0,0.0
2025-07-30,13.0,0.0,0.0,0.0,0.0,13.0,0.0,98.68333333333334,502.829686617441,2.671419343855463,105.49272765818648,148.0,3.6573771022594217,3035.9999999999995,1.0
2025-07-31,6.0,0.0,0.0,0.0,0.0,6.0,0.0,0.0,0.0,0.0,0.0,0.0,0.0,0.0,0.0
2025-08-01,37.0,0.0,0.0,0.0,0.0,37.0,0.0,79.98333333333333,364.0979999999899,548.1303721439239,93.58174359748656,141.0,2.9867271206980335,2239.6135284739007,1.0
2025-08-02,14.0,0.0,0.0,0.0,0.0,14.0,0.0,100.65,455.54968930968346,7.15464,91.91380748367916,139.00000000000003,2.853068961566428,2303.244398328524,1.0
2025-08-03,35.0,0.0,0.0,0.0,0.0,35.0,0.0,100.26666666666667,531.7629999999917,689.7746000748235,106.01566708259264,166.0,3.9906148305460967,4336.224602859049,1.0
2025-08-04,11.0,0.0,0.0,0.0,0.0,11.0,0.0,77.43333333333334,576.2617962297435,534.782144,121.54512175221858,159.0,5.806125803915138,1486.8117404470197,1.0
2025-08-05,15.0,0.0,0.0,0.0,0.0,15.0,0.0,0.0,0.0,0.0,0.0,0.0,0.0,0.0,0.0
2025-08-06,9.0,0.0,0.0,0.0,0.0,9.0,0.0,0.0,0.0,0.0,0.0,0.0,0.0,0.0,0.0
2025-08-07,14.0,0.0,0.0,0.0,0.0,14.0,0.0,78.13333333333334,540.5431195789963,540.1832506135196,118.77676568964787,157.0,5.348816467155986,1712.0000000000011,1.0
2025-08-08,40.0,0.0,0.0,0.0,0.0,40.0,0.0,0.0,0.0,0.0,0.0,0.0,0.0,0.0,0.0
2025-08-09,15.0,1.0,0.0,0.0,1.0,15.0,0.06666666666666667,66.63333333333334,383.29699999999355,459.6125164244719,109.17637418059071,148.0,4.161070601887264,1680.9981090516137,1.0
2025-08-10,9.0,0.0,0.0,0.0,0.0,9.0,0.0,0.0,0.0,0.0,0.0,0.0,0.0,0.0,0.0
2025-08-11,11.0,0.0,0.0,0.0,0.0,11.0,0.0,0.0,0.0,0.0,0.0,0.0,0.0,0.0,0.0
2025-08-12,14.0,0.0,0.0,0.0,0.0,14.0,0.0,55.95,410.46399999999454,382.95431461841355,122.14394697880331,161.0,5.724242939778928,1071.875785734983,1.0
2025-08-13,36.0,0.0,0.0,0.0,0.0,36.0,0.0,0.0,0.0,0.0,0.0,0.0,0.0,0.0,0.0
2025-08-14,16.0,0.0,0.0,0.0,0.0,16.0,0.0,106.05,684.8955112109813,730.0634923873258,115.6826204873344,156.0,4.966645271609182,3288.6199442266584,1.0
2025-08-15,6.0,0.0,0.0,0.0,0.0,6.0,0.0,0.0,0.0,0.0,0.0,0.0,0.0,0.0,0.0
2025-08-16,31.0,0.0,0.0,0.0,0.0,31.0,0.0,93.13333333333334,570.2022616311328,639.3277519999997,112.44656983364251,155.0,4.68331490966248,2770.859857249109,1.0
2025-08-17,19.0,0.0,0.0,0.0,0.0,19.0,0.0,95.81666666666666,650.7249183676157,651.019356218429,117.62602049834078,155.0,5.202469984312603,2724.999999999998,1.0
2025-08-18,13.0,0.0,0.0,0.0,0.0,13.0,0.0,0.0,0.0,0.0,0.0,0.0,0.0,0.0,0.0
2025-08-19,4.0,0.0,0.0,0.0,0.0,4.0,0.0,0.0,0.0,0.0,0.0,0.0,0.0,0.0,0.0
2025-08-20,10.0,1.0,0.0,0.0,1.0,10.0,0.1,69.53333333333333,423.4939999999926,479.5608407408206,114.3147891421698,151.0,4.576513932575179,1827.2009886513624,1.0
2025-08-21,6.0,0.0,0.0,0.0,0.0,6.0,0.0,0.0,0.0,0.0,0.0,0.0,0.0,0.0,0.0
2025-08-22,6.0,0.0,0.0,0.0,0.0,6.0,0.0,0.0,0.0,0.0,0.0,0.0,0.0,0.0,0.0
2025-08-23,2.0,0.0,0.0,0.0,0.0,2.0,0.0,63.88333333333333,352.66710420257624,437.69099819417585,111.270071377417,149.0,4.004751234995087,1300.6342733776753,1.0
2025-08-24,4.0,0.0,0.0,0.0,0.0,4.0,0.0,124.5,577.1899999999996,861.3708868520828,100.1672316659598,139.00000000000003,3.094121780292976,3345.0000000000027,1.0
2025-08-25,10.0,0.0,0.0,0.0,0.0,10.0,0.0,0.0,0.0,0.0,0.0,0.0,0.0,0.0,0.0
2025-08-26,13.0,0.0,0.0,0.0,0.0,13.0,0.0,0.0,0.0,0.0,0.0,0.0,0.0,0.0,0.0
2025-08-27,13.0,0.0,0.0,0.0,0.0,13.0,0.0,91.01666666666668,416.5036217094996,630.7010918257095,86.67884756308717,137.0,3.026271248677751,2824.8544128101175,1.0
2025-08-28,6.0,0.0,0.0,0.0,0.0,6.0,0.0,26.166666666666668,100.41691849845124,147.35935796819822,96.74987214382638,108.0,4.033029561540308,1212.8988211005994,1.0
2025-08-29,8.0,0.0,0.0,0.0,0.0,8.0,0.0,76.66666666666667,350.62640815712604,526.812380076498,96.64069885606972,134.0,2.755817641091538,1509.0,1.0
2025-08-30,16.0,0.0,0.0,0.0,0.0,16.0,0.0,0.0,0.0,0.0,0.0,0.0,0.0,0.0,0.0
2025-08-31,16.0,0.0,0.0,0.0,0.0,16.0,0.0,0.0,0.0,0.0,0.0,0.0,0.0,0.0,0.0
2025-09-01,10.0,0.0,0.0,0.0,0.0,10.0,0.0,0.0,0.0,0.0,0.0,0.0,0.0,0.0,0.0
2025-09-02,20.0,0.0,0.0,0.0,0.0,20.0,0.0,0.0,0.0,0.0,0.0,0.0,0.0,0.0,0.0
2025-09-03,4.0,0.0,0.0,0.0,0.0,4.0,0.0,68.63333333333334,365.3887619954224,472.87300271826024,105.73290103400504,141.0,3.967267347981465,1960.2702680290392,1.0
2025-09-04,3.0,0.0,0.0,0.0,0.0,3.0,0.0,50.15,188.6318732738337,309.97208290754236,91.13793309815358,117.0,4.516335105437126,2990.0,1.0
2025-09-05,5.0,0.0,0.0,0.0,0.0,5.0,0.0,0.0,0.0,0.0,0.0,0.0,0.0,0.0,0.0
2025-09-06,17.0,1.0,0.0,0.0,1.0,17.0,0.058823529411764705,0.0,0.0,0.0,0.0,0.0,0.0,0.0,0.0
2025-09-07,6.0,0.0,0.0,0.0,0.0,6.0,0.0,0.0,0.0,0.0,0.0,0.0,0.0,0.0,0.0
2025-09-08,4.0,0.0,0.0,0.0,0.0,4.0,0.0,0.0,0.0,0.0,0.0,0.0,0.0,0.0,0.0
2025-09-09,9.0,0.0,0.0,0.0,0.0,9.0,0.0,0.0,0.0,0.0,0.0,0.0,0.0,0.0,0.0
2025-09-10,11.0,0.0,0.0,0.0,0.0,11.0,0.0,0.0,0.0,0.0,0.0,0.0,0.0,0.0,0.0
2025-09-11,10.0,0.0,0.0,0.0,0.0,10.0,0.0,0.0,0.0,0.0,0.0,0.0,0.0,0.0,0.0
2025-09-12,10.0,0.0,0.0,0.0,0.0,10.0,0.0,133.66666666666666,589.4687438159336,929.8605279999996,92.36127615999334,130.0,2.4202052911243164,2014.26967047156,1.0
2025-09-13,12.0,0.0,0.0,0.0,0.0,12.0,0.0,0.0,0.0,0.0,0.0,0.0,0.0,0.0,0.0
2025-09-14,4.0,0.0,0.0,0.0,0.0,4.0,0.0,0.0,0.0,0.0,0.0,0.0,0.0,0.0,0.0
2025-09-15,8.0,0.0,0.0,0.0,0.0,8.0,0.0,0.0,0.0,0.0,0.0,0.0,0.0,0.0,0.0
2025-09-16,0.0,0.0,0.0,0.0,0.0,0.0,0.0,0.0,0.0,0.0,0.0,0.0,0.0,0.0,0.0
2025-09-17,4.0,0.0,0.0,0.0,0.0,4.0,0.0,0.0,0.0,0.0,0.0,0.0,0.0,0.0,0.0
2025-09-18,2.0,0.0,0.0,0.0,0.0,2.0,0.0,0.0,0.0,0.0,0.0,0.0,0.0,0.0,0.0
2025-09-19,26.0,0.0,0.0,0.0,0.0,26.0,0.0,0.0,0.0,0.0,0.0,0.0,0.0,0.0,0.0
2025-09-20,12.0,0.0,0.0,0.0,0.0,12.0,0.0,0.0,0.0,0.0,0.0,0.0,0.0,0.0,0.0
2025-09-21,34.0,0.0,0.0,0.0,0.0,34.0,0.0,0.0,0.0,0.0,0.0,0.0,0.0,0.0,0.0
2025-09-22,19.0,0.0,0.0,0.0,0.0,19.0,0.0,0.0,0.0,0.0,0.0,0.0,0.0,0.0,0.0
2025-09-23,16.0,0.0,0.0,0.0,0.0,16.0,0.0,0.0,0.0,0.0,0.0,0.0,0.0,0.0,0.0
2025-09-24,17.0,0.0,0.0,0.0,0.0,17.0,0.0,0.0,0.0,0.0,0.0,0.0,0.0,0.0,0.0
2025-09-25,16.0,0.0,0.0,0.0,0.0,16.0,0.0,0.0,0.0,0.0,0.0,0.0,0.0,0.0,0.0
2025-09-26,7.0,0.0,0.0,0.0,0.0,7.0,0.0,0.0,0.0,0.0,0.0,0.0,0.0,0.0,0.0
2025-09-27,3.0,0.0,0.0,0.0,0.0,3.0,0.0,0.0,0.0,0.0,0.0,0.0,0.0,0.0,0.0
2025-09-28,4.0,0.0,0.0,0.0,0.0,4.0,0.0,54.916666666666664,278.01243298196863,376.6384658809427,109.7095195264846,149.0,3.1874057425677065,1007.7696606743552,1.0
2025-09-29,5.0,0.0,0.0,0.0,0.0,5.0,0.0,0.0,0.0,0.0,0.0,0.0,0.0,0.0,0.0
2025-09-30,27.0,0.0,0.0,0.0,0.0,27.0,0.0,0.0,0.0,0.0,0.0,0.0,0.0,0.0,0.0
2025-10-01,28.0,0.0,0.0,0.0,0.0,28.0,0.0,66.7,382.49394656545184,458.302060626979,112.4472928026792,148.0,3.901488650385203,1355.000000000001,1.0
2025-10-02,17.0,0.0,0.0,0.0,0.0,17.0,0.0,62.56666666666667,334.49799999999374,434.2062206651853,104.9632637074741,143.0,3.683583025651255,1316.3416072146777,1.0
2025-10-03,0.0,0.0,0.0,0.0,0.0,0.0,0.0,0.0,0.0,0.0,0.0,0.0,0.0,0.0,0.0
2025-10-04,16.0,0.0,0.0,0.0,0.0,16.0,0.0,99.68333333333334,505.3179550675788,689.8662879999997,112.08540621847618,164.0,4.308817681227598,2256.2939274756845,1.0
2025-10-05,1.0,0.0,0.0,0.0,0.0,1.0,0.0,104.61666666666666,389.0192680420471,720.3676479999997,89.64274593446365,116.0,4.203182110448656,10017.999999999998,1.0
2025-10-06,1.0,0.0,0.0,0.0,0.0,1.0,0.0,0.0,0.0,0.0,0.0,0.0,0.0,0.0,0.0
2025-10-07,7.0,0.0,0.0,0.0,0.0,7.0,0.0,0.0,0.0,0.0,0.0,0.0,0.0,0.0,0.0
2025-10-08,18.0,0.0,0.0,0.0,0.0,18.0,0.0,0.0,0.0,0.0,0.0,0.0,0.0,0.0,0.0
2025-10-09,8.0,0.0,0.0,0.0,0.0,8.0,0.0,0.0,0.0,0.0,0.0,0.0,0.0,0.0,0.0
2025-10-10,3.0,0.0,0.0,0.0,0.0,3.0,0.0,66.93333333333334,441.1574593518758,460.4563681620796,116.46269373921528,155.0,4.937772313025566,1651.0000000000016,1.0
2025-10-11,20.0,0.0,0.0,0.0,0.0,20.0,0.0,0.0,0.0,0.0,0.0,0.0,0.0,0.0,0.0
2025-10-12,6.0,0.0,0.0,0.0,0.0,6.0,0.0,72.63333333333334,477.9890460354203,496.8533876527391,118.55961122172762,155.0,4.903323378393745,1496.528645389652,1.0
2025-10-13,4.0,0.0,0.0,0.0,0.0,4.0,0.0,0.0,0.0,0.0,0.0,0.0,0.0,0.0,0.0
2025-10-14,7.0,0.0,0.0,0.0,0.0,7.0,0.0,0.0,0.0,0.0,0.0,0.0,0.0,0.0,0.0
2025-10-15,10.0,0.0,0.0,0.0,0.0,10.0,0.0,57.016666666666666,326.26199999999557,395.2750319999999,113.47791111225467,150.0,3.986138154179354,1278.47233478449,1.0
2025-10-16,20.0,0.0,0.0,0.0,0.0,20.0,0.0,0.0,0.0,0.0,0.0,0.0,0.0,0.0,0.0
2025-10-17,7.0,0.0,0.0,0.0,0.0,7.0,0.0,0.0,0.0,0.0,0.0,0.0,0.0,0.0,0.0
2025-10-18,9.0,0.0,0.0,0.0,0.0,9.0,0.0,0.0,0.0,0.0,0.0,0.0,0.0,0.0,0.0
2025-10-19,18.0,0.0,0.0,0.0,0.0,18.0,0.0,76.43333333333334,394.0785785767465,523.8242479999999,101.6919014012984,137.0,3.3990316637977185,1628.1191840816348,1.0
2025-10-20,6.0,0.0,0.0,0.0,0.0,6.0,0.0,0.0,0.0,0.0,0.0,0.0,0.0,0.0,0.0
2025-10-21,13.0,0.0,0.0,0.0,0.0,13.0,0.0,0.0,0.0,0.0,0.0,0.0,0.0,0.0,0.0
2025-10-22,5.0,0.0,0.0,0.0,0.0,5.0,0.0,66.9,441.77659973681375,458.7201580598439,115.22068154236598,157.0,4.9458805646246855,1539.192475670361,1.0
2025-10-23,11.0,0.0,0.0,0.0,0.0,11.0,0.0,76.15,482.6255674224627,529.1008230035692,117.6013244755724,156.0,4.660589453253042,1670.783758502611,1.0
2025-10-24,10.0,0.0,0.0,0.0,0.0,10.0,0.0,0.0,0.0,0.0,0.0,0.0,0.0,0.0,0.0
2025-10-25,54.0,2.0,0.0,0.0,2.0,54.0,0.037037037037037035,0.0,0.0,0.0,0.0,0.0,0.0,0.0,0.0
2025-10-26,2.0,0.0,0.0,0.0,0.0,2.0,0.0,93.66666666666667,571.2374084374057,646.6325366661833,113.03933266143764,162.0,4.503831262062992,2985.8528445758157,1.0
2025-10-27,18.0,0.0,0.0,0.0,0.0,18.0,0.0,0.0,0.0,0.0,0.0,0.0,0.0,0.0,0.0
2025-10-28,5.0,0.0,0.0,0.0,0.0,5.0,0.0,0.0,0.0,0.0,0.0,0.0,0.0,0.0,0.0
2025-10-29,9.0,0.0,0.0,0.0,0.0,9.0,0.0,0.0,0.0,0.0,0.0,0.0,0.0,0.0,0.0
2025-10-30,5.0,0.0,0.0,0.0,0.0,5.0,0.0,0.0,0.0,0.0,0.0,0.0,0.0,0.0,0.0
2025-10-31,9.0,0.0,0.0,0.0,0.0,9.0,0.0,63.18333333333333,391.2579949838378,433.3368799999997,112.17571197606908,156.0,4.562403518801306,1161.999999999999,1.0
2025-11-01,9.0,0.0,0.0,0.0,0.0,9.0,0.0,72.76666666666667,430.5721898950261,493.4455930338427,110.8822452599224,158.0,3.994069032416891,1066.90504970775,1.0
2025-11-02,1.0,0.0,0.0,0.0,0.0,1.0,0.0,0.0,0.0,0.0,0.0,0.0,0.0,0.0,0.0
2025-11-03,19.0,1.0,0.0,0.0,1.0,19.0,0.05263157894736842,0.0,0.0,0.0,0.0,0.0,0.0,0.0,0.0
2025-11-04,1.0,0.0,0.0,0.0,0.0,1.0,0.0,0.0,0.0,0.0,0.0,0.0,0.0,0.0,0.0
2025-11-05,11.0,0.0,0.0,0.0,0.0,11.0,0.0,84.25,418.6719767087757,588.8824141716261,106.02216700257006,148.0,3.7192783869744663,2587.896516600695,1.0
2025-11-06,5.0,0.0,0.0,0.0,0.0,5.0,0.0,77.31666666666666,373.3568849020606,517.8578639999998,103.91304347826087,112.0,2.732459960157782,1056.9999999999998,1.0
2025-11-07,14.0,0.0,0.0,0.0,0.0,14.0,0.0,0.0,0.0,0.0,0.0,0.0,0.0,0.0,0.0
2025-11-08,6.0,0.0,0.0,0.0,0.0,6.0,0.0,0.0,0.0,0.0,0.0,0.0,0.0,0.0,0.0
2025-11-09,11.0,0.0,0.0,0.0,0.0,11.0,0.0,0.0,0.0,0.0,0.0,0.0,0.0,0.0,0.0
2025-11-10,16.0,0.0,0.0,0.0,0.0,16.0,0.0,0.0,0.0,0.0,0.0,0.0,0.0,0.0,0.0
2025-11-11,5.0,0.0,0.0,0.0,0.0,5.0,0.0,0.0,0.0,0.0,0.0,0.0,0.0,0.0,0.0
2025-11-12,32.0,0.0,0.0,0.0,0.0,32.0,0.0,0.0,0.0,0.0,0.0,0.0,0.0,0.0,0.0
2025-11-13,8.0,0.0,0.0,0.0,0.0,8.0,0.0,0.0,0.0,0.0,0.0,0.0,0.0,0.0,0.0
2025-11-14,8.0,0.0,0.0,0.0,0.0,8.0,0.0,0.0,0.0,0.0,0.0,0.0,0.0,0.0,0.0
2025-11-15,6.0,0.0,0.0,0.0,0.0,6.0,0.0,0.0,0.0,0.0,0.0,0.0,0.0,0.0,0.0
2025-11-16,9.0,0.0,0.0,0.0,0.0,9.0,0.0,0.0,0.0,0.0,0.0,0.0,0.0,0.0,0.0
2025-11-17,8.0,0.0,0.0,0.0,0.0,8.0,0.0,0.0,0.0,0.0,0.0,0.0,0.0,0.0,0.0
2025-11-18,46.0,0.0,0.0,0.0,0.0,46.0,0.0,0.0,0.0,0.0,0.0,0.0,0.0,0.0,0.0
2025-11-19,24.0,0.0,0.0,0.0,0.0,24.0,0.0,0.0,0.0,0.0,0.0,0.0,0.0,0.0,0.0
2025-11-20,32.0,1.0,0.0,0.0,1.0,32.0,0.03125,80.36666666666666,373.8209999999891,545.304904,100.25967403877176,143.0,2.6151847081434956,1058.999999999999,1.0
2025-11-21,4.0,0.0,0.0,0.0,0.0,4.0,0.0,0.0,0.0,0.0,0.0,0.0,0.0,0.0,0.0
2025-11-22,2.0,0.0,0.0,0.0,0.0,2.0,0.0,0.0,0.0,0.0,0.0,0.0,0.0,0.0,0.0
2025-11-23,40.0,0.0,0.0,0.0,0.0,40.0,0.0,0.0,0.0,0.0,0.0,0.0,0.0,0.0,0.0
2025-11-24,31.0,0.0,0.0,0.0,0.0,31.0,0.0,58.266666666666666,336.0224385934473,401.0615039999999,112.1115420312349,155.0,4.061298403925198,1022.8900847397229,1.0
2025-11-25,6.0,0.0,0.0,0.0,0.0,6.0,0.0,0.0,0.0,0.0,0.0,0.0,0.0,0.0,0.0
2025-11-26,23.0,0.0,0.0,0.0,0.0,23.0,0.0,90.01666666666667,450.1071086711177,608.633928,100.7039449285123,147.0,3.0724809322313607,1586.962593826728,1.0
2025-11-27,11.0,0.0,0.0,0.0,0.0,11.0,0.0,0.0,0.0,0.0,0.0,0.0,0.0,0.0,0.0
2025-11-28,1.0,0.0,0.0,0.0,0.0,1.0,0.0,0.0,0.0,0.0,0.0,0.0,0.0,0.0,0.0
2025-11-29,0.0,0.0,0.0,0.0,0.0,0.0,0.0,75.9,379.14764920787366,517.4400071329368,101.4057775935186,144.0,3.0995036375625404,1356.1937585065532,1.0
